epoch,train_loss,train_acc,val_acc
1,1.2038279276423984,0.741,0.9063333333333333
2,0.3969107296643434,0.8916111111111111,0.926
3,0.3026773247718811,0.9120555555555555,0.939
4,0.2579328939296581,0.9240185185185186,0.9461666666666667
5,0.22807010104038097,0.9331481481481482,0.9516666666666667
